Summer,Fall,Winter,Spring,STATE_NAME
1.427569665,1.463238095,2.882751323,1.308373898,Maine
-0.325008818,-0.19566843,0.458525573,-0.105862434,Alabama
