Summer,Fall,Winter,Spring,STATE_NAME
1.427569664902988,1.463238095238098,2.882751323,1.308373897707231,Maine
-0.325008818,-0.19566843,0.4585255731922332,-0.105862434,Alabama
